"ID","articulo","marca","especificaciones","precio","pag_url"
1,"botas","CROYDON","Botas Plásticas Workman Safety W.P. Para Hombre Croydon 36 Amarillo",89900,"https://www.exito.com/botas-plasticas-workman-safety-wp-para-hombre-croydon-101571768-mp/p?color=Amarillo"
2,"botas","SAN POLOS","Bota seguridad industrial homb 37 CAFE/NJA",399900,"https://www.exito.com/bota-seguridad-industrial-hom-411509/p?color=CAFE%2FNJA"
3,"botas","SAN POLOS","Bota seguridad industrial homb 37 NEG/AMLLO",409900,"https://www.exito.com/bota-seguridad-industrial-hom-411509/p?color=NEG%2FAMLLO"
4,"botas","BRAHMA","ZAPATO CASUALDINAMICO JOGGER 41 CAFE/NJA",159900,"https://www.exito.com/zapato-brahma-casual-hombre-50417/p?color=CAFE%2FNJA"
5,"botas","SAN POLOS","Bota casual para hombre 37 MIEL",329900,"https://www.exito.com/bota-casual-para-hombre-412097/p?color=Miel"
6,"botas","TELLENZI","Botas Hombre Outdoor Verde Tellenzi 7 184 43 Verde",127900,"https://www.exito.com/botas-hombre-outdoor-verde-tellenzi-7-184-104164742-mp/p?color=Verde"
7,"botas","CROYDON","Botas Titan Negro Para Hombre Y Mujer Croydon 42 Negro-negro",51900,"https://www.exito.com/botas-titan-negro-para-hombre-y-mujer-croydon-102140990-mp/p?color=Negro-negro"
8,"botas","CROYDON","Botas Bigger Café Para Hombre Croydon 38 Café",109800,"https://www.exito.com/botas-bigger-cafe-para-hombre-croydon-102219491-mp/p?color=Caf%C3%A9"
9,"botas","BRAHMA","BOTIN 38 AMARILLO",749900,"https://www.exito.com/brahama-botin-pr2987-ama38-din-874310/p?color=Amarillo"
10,"botas","BRAHMA","Botin Hombre 39 CAFE",769900,"https://www.exito.com/brahma-botin-tf2794-hombre-841939/p?color=Cafe"
11,"botas","BRAHMA","BOTIN TREKKING 41 TAUPE",769900,"https://www.exito.com/brahma-botin-trekking-tf2794-h-717733/p?color=TAUPE"
12,"botas","CROYDON","BOTA EN LONA 39 - BLANCO",119900,"https://www.exito.com/bota-en-lona-709013/p?color=Blanco"
13,"botas","CROYDON","BOTA EN LONA 37 - NEGRO",119900,"https://www.exito.com/bota-en-lona-709013/p?color=Negro"
14,"botas","CROYDON","BOTA 37 NEGRO",53900,"https://www.exito.com/bota-682495/p?color=Negro"
15,"botas","CROYDON","BOTA. 41 NEGRO",59900,"https://www.exito.com/bota-682493/p?color=Negro"
16,"botas","BRAHMA","TREKKING HOMBRE 39 PARDO",559920,"https://www.exito.com/brahma-trekking-hq2380-hombre-610409/p?color=PARDO"
17,"botas","SAN POLOS","Bota hombre 37 NEGRO",319900,"https://www.exito.com/bota-hombre-2295-561036/p?color=Negro"
18,"botas","SAN POLOS","Bota seguridad industrial 37 CAFE",409900,"https://www.exito.com/bota-seguridad-industrial-hom-419104/p?color=Cafe"
19,"botas","SAN POLOS","Bota casual para hombre 37 MIEL",369900,"https://www.exito.com/bota-casual-para-hombre-417052/p?color=Miel"
20,"botas","SAN POLOS","Bota outdoor para hombre 38 NEGRO",449900,"https://www.exito.com/bota-outdoor-para-hombre-415976/p?color=Negro"
21,"botas","SAN POLOS","Bota outdoor para hombre 37 NGR/VDE",429900,"https://www.exito.com/bota-outdoor-para-hombre-415746/p?color=NGR%2FVDE"
22,"botas","SAN POLOS","Bota casual para hombre 39 - CAFE-AZUL",389900,"https://www.exito.com/bota-casual-para-hombre-415387/p?color=Caf%C3%A9"
23,"botas","SAN POLOS","Bota casual para hombre 37 NEGRO",369900,"https://www.exito.com/bota-casual-para-hombre-415354/p?color=Negro"
24,"botas","SAN POLOS","Bota outdoor para hombre 37 NIEBLA",399900,"https://www.exito.com/bota-outdoor-para-hombre-414751/p?color=NIEBLA"
25,"botas","SAN POLOS","Bota casual para hombre 37 MIEL",369900,"https://www.exito.com/bota-casual-para-hombre-413493/p?color=Miel"
26,"botas","SAN POLOS","Bota outdoor para hombre 38 ARENA",399900,"https://www.exito.com/bota-outdoor-para-hombre-413430/p?color=Arena"
27,"botas","SAN POLOS","Bota outdoor para hombre 37 NEGRO",399900,"https://www.exito.com/bota-outdoor-para-hombre-412339/p?color=Negro"
28,"botas","SAN POLOS","Bota outdoor para hombre 37 CAFE",359900,"https://www.exito.com/bota-outdoor-para-hombre-412336/p?color=Cafe"
29,"botas","SAN POLOS","Bota outdoor para hombre 37 VERDE",359900,"https://www.exito.com/bota-outdoor-para-hombre-411314/p?color=Verde"
30,"botas","BRAHMA","Bota Casual Hombre 43 AMARILLO",749900,"https://www.exito.com/bota-casual-hombre-brahma-pr3489-3098262/p?color=Amarillo"
31,"botas","BRAHMA","Bota Casual Hombre 4 NEGRO",524930,"https://www.exito.com/bota-casual-hombre-brahma-pr3489-3098262/p?color=Negro"
32,"botas","BRAHMA","Bota Casual Hombre 4 MARRON",524930,"https://www.exito.com/bota-casual-hombre-brahma-pr3489-3098262/p?color=MARRON"
33,"botas","BRAHMA","Bota Trekking Hombre 40 CAMUFLADO",589900,"https://www.exito.com/bota-trekking-hombre-brahma-rq3481-3098252/p?color=CAMUFLADO"
34,"botas","BRAHMA","Bota Trekking 40 GRIS",659900,"https://www.exito.com/bota-trekking-brahma-rq3394-3079499/p?color=Gris"
35,"botas","BRAHMA","Bota Trekking 39 NEGRO",659900,"https://www.exito.com/bota-trekking-brahma-rq3394-3079499/p?color=Negro"
36,"botas","BRAHMA","Bota Trekking 43 TAUPE",679900,"https://www.exito.com/bota-trekking-brahma-ot1393-3079497/p?color=TAUPE"
37,"botas","BRAHMA","Bota Trekking 43 GRIS",679900,"https://www.exito.com/bota-trekking-brahma-ot1393-3079497/p?color=Gris"
38,"botas","BRAHMA","Bota Casual Informal Hombre 41 NEGRO",749900,"https://www.exito.com/bota-casual-informal-hombre-brahma-ix3387-3051909/p?color=Negro"
39,"botas","BRAHMA","Bota Casual Informal Hombre 4 CAFE",749900,"https://www.exito.com/bota-casual-informal-hombre-brahma-ix3387-3051909/p?color=Cafe"
40,"botas","BRAHMA","Bota Casual Informal Hombre 40NEGRO",729900,"https://www.exito.com/bota-casual-informal-hombre-brahma-ix3384-3051907/p?color=Negro"
41,"botas","BRAHMA","Bota Casual Informal Hombre 41CAFE",729900,"https://www.exito.com/bota-casual-informal-hombre-brahma-ix3384-3051907/p?color=Cafe"
42,"botas","BRAHMA","Bota Puntera De Acero Hombre 38 NUEZ",769900,"https://www.exito.com/bota-puntera-de-acero-hombre-brahma-fx4707-3051233/p?color=NUEZ"
43,"botas","BRAHMA","Bota Casual Iinformal Hombre 4 CAFE",749900,"https://www.exito.com/bota-casual-iinformal-hombre-brahma-cv3296-3051231/p?color=Cafe"
44,"botas","BRAHMA","Bota Casual Iinformal Hombre 43 NEGRO",749900,"https://www.exito.com/bota-casual-iinformal-hombre-brahma-cv3296-3051231/p?color=Negro"
45,"botas","BRAHMA","Bota Trekking Hombre 43 CAFE/NAVY",679900,"https://www.exito.com/bota-trekking-hombre-brahma-tf3099-3051211/p?color=CAFE%2FNAVY"
46,"botas","BRAHMA","Bota Trekking Hombre 43 NEGRO",729900,"https://www.exito.com/bota-trekking-hombre-brahma-ix3298-3051209/p?color=Negro"
47,"botas","BRAHMA","Bota Trekking Hombre 39 ARENA",729900,"https://www.exito.com/bota-trekking-hombre-brahma-ix3298-3051209/p?color=Arena"
48,"botas","BRAHMA","Zapato C Dinamico Caballero 4 CAFE",569900,"https://www.exito.com/zapato-c-dinamico-caballero-brahma-kj3299-3033559/p?color=Cafe"
49,"botas","BRAHMA","Bota Clasica Para Hombre 41 AMARILLO",749900,"https://www.exito.com/bota-clasico-brahma-cv3088-3023109/p?color=Amarillo"
50,"botas","BRAHMA","Bota Biker Hombre 43 CAFE",589900,"https://www.exito.com/bota-biker-brahma-rq3286-3023102/p?color=Cafe"
51,"botas","BRAHMA","Bota Casual Para Hombre 38 CAFE",659900,"https://www.exito.com/bota-casual-brahma-to2699-3023095/p?color=Cafe"
52,"botas","BRAHMA","Bota Casual Para Hombre 43 MARRON",659900,"https://www.exito.com/bota-casual-brahma-to2699-3023095/p?color=MARRON"
53,"botas","BRAHMA","Bota Fashion Para Hombre 43 AMARILLO",749900,"https://www.exito.com/bota-fashion-brahma-pr2987-3023094/p?color=Amarillo"
54,"botas","BRAHMA","Bota Fashion Para Hombre 40 PARDO",749900,"https://www.exito.com/bota-fashion-brahma-pr2987-3023094/p?color=PARDO"
55,"botas","BRAHMA","Bota Hombre 37 PARDO",599920,"https://www.exito.com/bota-hom-brahma-ot3199-284138/p?color=PARDO"
56,"botas","BRAHMA","Bota Hombre 39 NEGRO",749900,"https://www.exito.com/bota-hom-brahma-ot3199-284138/p?color=Negro"
57,"botas","BRAHMA","Botin Hombre 38 NEGRO",589900,"https://www.exito.com/botin-hombre-brahma-ks3280-284091/p?color=Negro"
58,"botas","BRAHMA","Botin Hombre 38 CAFE",589900,"https://www.exito.com/botin-hombre-brahma-ks3280-284091/p?color=Cafe"
59,"botas","BRAHMA","Botin Hombre 38 CAFE",599900,"https://www.exito.com/botin-hom-ix3181-brahma-ix3181-282828/p?color=Cafe"
60,"botas","BRAHMA","Botin Hombre 38 NEGRO",599900,"https://www.exito.com/botin-hom-ix3181-brahma-ix3181-282828/p?color=Negro"
61,"botas","BRAHMA","Botin Hombre 43 TAUPE",729900,"https://www.exito.com/botin-hom-ix3097-brahma-ix3097-282788/p?color=TAUPE"
62,"botas","BRAHMA","Botin Hombre 38 NEGRO",729900,"https://www.exito.com/botin-hom-ix3097-brahma-ix3097-282788/p?color=Negro"
63,"botas","BRAHMA","Bota Hombre 4 NEGRO",461930,"https://www.exito.com/bota-hom-gn3190-brahma-gn3190-279692/p?color=Negro"
64,"botas","BRAHMA","BOTA INFORMAL ADULTO 40 PARDO",769900,"https://www.exito.com/bota-informal-adulto-15837/p?color=PARDO"
65,"botas","BRAHMA","Botin Trecking Hombre 38PARDO",699900,"https://www.exito.com/botin-trecking-hombre-brahma-tf3096-141523/p?color=PARDO"
66,"botas","SAN POLOS","Bota casual para hombre 37 PARDO",329900,"https://www.exito.com/bota-casual-para-hombre-san-polos-13444/p?color=PARDO"
67,"botas","BATA INDUSTRIALS","Talla 39",119900,"https://www.exito.com/botas-de-seguridad-blanco-bata-industrials-dustin-blanca-hombre-123802771/p"
68,"botas","OAKLEY","BLACK 9.5",261900,"https://www.exito.com/botas-oakley-halftrack-low-ii-123796506/p?color=Negro"
69,"botas","BATA","Talla 40",189900,"https://www.exito.com/botas-negro-bata-logan-boot-hombre-123794752/p"
70,"botas","BATA","Talla 40",151920,"https://www.exito.com/botas-cafe-oscuro-bata-logan-boot-hombre-123794750/p"
71,"botas","BATA","Talla 38",189900,"https://www.exito.com/botas-cafe-bata-lombardia-boot-hombre-123792435/p"
72,"botas","BATA INDUSTRIALS","Talla 37",236900,"https://www.exito.com/botas-de-seguridad-negro-bata-industrials-york-unisex-123708228/p"
73,"botas","BATA INDUSTRIALS","Talla 42",49900,"https://www.exito.com/botas-de-pvc-basico-negro-bata-industrials-poderosa-hombre-123687280/p"
74,"botas","BATA INDUSTRIALS","Talla 42",145900,"https://www.exito.com/botas-de-seguridad-negro-bata-industrials-entry-kevlar-hombre-123687274/p"
75,"guayos","NIKE","Talla :-9.5-",215970,"https://www.exito.com/nike-phantom-gx-club-fg-mg-guayos-rojo-de-hombre-para-futbol-123787370/p?color=ROJO_%23FF0000"
76,"guayos","CROYDON","Guayos Sintética Kimber Para Hombre Croydon Croydon 42 Plata",125100,"https://www.exito.com/guayos-sintetica-kimber-para-hombre-croydon-croydon-104234113-mp/p?color=Plata"
77,"guayos","CROYDON","Guayos Ixal Azul Para Hombre Croydon 43 Azul",69900,"https://www.exito.com/guayos-ixal-azul-para-hombre-croydon-102644373-mp/p?color=Azul"
78,"guayos","GOLTY","Guayo Golty Tpu Pro Bio Flex Azul 8 Azul",159990,"https://www.exito.com/guayo-golty-tpu-pro-bio-flex-azul-104277436-mp/p?color=Azul"
79,"guayos","CROYDON","Guayos De Sintética Denamo Para Hombre 43 Azul-Oscuro",149900,"https://www.exito.com/guayos-de-sintetica-denamo-para-hombre-103337670-mp/p?color=Azul-Oscuro"
80,"guayos","CROYDON","Guayos Magni Gris Para Hombre Croydon 42 Gris",64900,"https://www.exito.com/guayos-magni-gris-para-hombre-croydon-102411555-mp/p?color=Gris"
81,"guayos","NIKE","Guayos Nike Superfly 9 Club Fg/Mg Blanco/Rojo 9.5 Blanco",414990,"https://www.exito.com/guayos-nike-superfly-9-club-fgmg-blancorojo-104254754-mp/p?color=Blanco"
82,"guayos","CROYDON","Guayos Sintética Tiffer Para Hombre Croydon Croydon 40 Negro",92700,"https://www.exito.com/guayos-sintetica-tiffer-para-hombre-croydon-croydon-104234190-mp/p?color=Negro"
83,"guayos","CROYDON","Guayos Grama Toler Para Hombre Croydon Croydon 40 Naranja",102600,"https://www.exito.com/guayos-grama-toler-para-hombre-croydon-croydon-104234058-mp/p?color=Naranja"
84,"guayos","GOLTY","Guayos Golty Pro Spectrum Tpu Negro 8 Negro",199990,"https://www.exito.com/guayos-golty-pro-spectrum-tpu-negro-104289464-mp/p?color=Negro"
85,"guayos","ADIDAS","Talla :-9-",279965,"https://www.exito.com/adidas-f50-club-tf-messi-guayos-blanco-de-hombre-para-futbol-124131990/p?color=blanco_%23ffffff"
86,"guayos","NIKE","DD9483-600-7",366900,"https://www.exito.com/guayos-nike-hombre-phantom-gx-club-rojo-negro-dd9483-600-124136529/p"
87,"guayos","ADIDAS","HP2519-8.5",244950,"https://www.exito.com/guayos-adidas-hombre-deportivo-ii-cesped-artificial-negro-azul-hp2519-124136525/p"
88,"guayos","NIKE","FJ2566-800-9",621950,"https://www.exito.com/guayos-nike-hombre-phantom-luna-ii-academy-tf-fj2566-800-124136494/p"
89,"guayos","ADIDAS","Talla :-8-",229950,"https://www.exito.com/adidas-goletto-ix-tf-guayos-negro-unisex-para-futbol-124133926/p?color=negro_%23000000"
90,"guayos","ADIDAS","Talla :-6-",209950,"https://www.exito.com/adidas-goletto-ix-tf-j-guayos-negro-unisex-para-futbol-124133925/p?color=negro_%23000000"
91,"guayos","ADIDAS","Talla :-10-",399950,"https://www.exito.com/adidas-f50-club-fg-mg-mess-guayos-gris-unisex-para-futbol-124133924/p?color=gris_%23A4A4A4"
92,"guayos","ADIDAS","Talla :-6-",249950,"https://www.exito.com/adidas-f50-club-fg-mg-j-me-guayos-gris-unisex-para-futbol-124133923/p?color=gris_%23A4A4A4"
93,"guayos","NIKE","FJ2558-300-9.5",434950,"https://www.exito.com/guayos-nike-hombre-phantom-luna-2-blub-mg-fj2558-300-124133821/p"
94,"guayos","NIKE","FJ2557-002-9",424950,"https://www.exito.com/guayos-nike-hombre-phantom-gx-2-club-fj2557-002-124133820/p"
95,"guayos","ADIDAS","HP6460-9.5",244950,"https://www.exito.com/guayos-adidas-hombre-goletto-viii-blanco-hp6460-124132088/p"
96,"guayos","ADIDAS","Talla :-9-",279965,"https://www.exito.com/adidas-f50-club-fxg-messi-guayos-blanco-de-hombre-para-futbol-124131991/p?color=blanco_%23ffffff"
97,"guayos","ADIDAS","Talla :-9-",279965,"https://www.exito.com/adidas-predator-club-fxg-guayos-gris-de-hombre-para-futbol-124131939/p?color=gris_%23A4A4A4"
98,"guayos","ADIDAS","Talla :-10-",279965,"https://www.exito.com/adidas-f50-club-tf-guayos-negro-de-hombre-para-futbol-124131938/p?color=negro_%23000000"
99,"guayos","PUMA","Talla :-10-",197970,"https://www.exito.com/puma-ultra-play-tt-guayos-naranja-de-hombre-para-futbol-124131932/p?color=naranja_%23FF8000"
100,"guayos","ADIDAS","Talla :-9-",279965,"https://www.exito.com/adidas-predator-club-tf-guayos-azul-de-hombre-para-futbol-124131859/p?color=azul_%230101DF"
101,"guayos","ADIDAS","Talla :-10.5-",319960,"https://www.exito.com/adidas-f50-club-tf-guayos-blanco-de-hombre-para-futbol-124131833/p?color=blanco_%23ffffff"
102,"guayos","ADIDAS","Talla :-8-",319960,"https://www.exito.com/adidas-f50-club-tf-guayos-blanco-de-hombre-para-futbol-124131560/p?color=blanco_%23ffffff"
103,"guayos","NIKE","DD9483-600-9",366900,"https://www.exito.com/guayos-nike-hombre-phantom-gx-club-rojo-negro-dd9483-600-124131324/p"
104,"guayos","ADIDAS","HP2519-8",244950,"https://www.exito.com/guayos-adidas-hombre-deportivo-ii-cesped-artificial-negro-azul-hp2519-124131255/p"
105,"guayos","NIKE","FD1168-600-8.5",528950,"https://www.exito.com/guayos-nike-hombre-para-pasto-sintetico---fd1168-600-124131065/p"
106,"guayos","NIKE","FD1162-600-9.5",574950,"https://www.exito.com/guayos-nike-hombre-mercurial-superfly-9---fd1162-600-124131064/p"
107,"guayos","NIKE","DD9473-300-9.5",499950,"https://www.exito.com/guayos-nike-hombre-phantom-gx-academy-fg---dd9473-300-124131040/p"
108,"guayos","ADIDAS","IH8298-9.5",244950,"https://www.exito.com/guayos-adidas-hombre-goletto-vlll-ih8298-124130538/p"
109,"guayos","NIKE","FQ8333-800-9",634950,"https://www.exito.com/guayos-nike-hombre-para-pasto-sintetico---fq8333-800-124130525/p"
110,"guayos","NIKE","FQ8377-800-9.5",604950,"https://www.exito.com/guayos-nike-hombre-zoom-vapor-16-academy---fq8377-800-124130524/p"
111,"guayos","NIKE","DJ5629-600-8.5",574950,"https://www.exito.com/guayos-nike-hombre-para-pasto-sintetico---dj5629-600-124130515/p"
112,"guayos","ADIDAS","HP2519-7",244950,"https://www.exito.com/guayos-adidas-hombre-deportivo-ii-cesped---hp2519-124129289/p"
113,"guayos","ADIDAS","IF0723-8.5",379950,"https://www.exito.com/torretin-adidas-hombre-x-crazyfast-club---if0723-124129010/p"
114,"guayos","ADIDAS","IG7711-8",379950,"https://www.exito.com/torretin-adidas-hombre-predator-club-pas---ig7711-124129004/p"
115,"guayos","ADIDAS","IF6399-8",409950,"https://www.exito.com/torretin-adidas-hombre-predator-club-pas-124128987/p"
116,"guayos","NIKE","FQ8331-400-9",634950,"https://www.exito.com/guayos-nike-hombre-para-pasto-sintetico---fq8331-400-124128965/p"
117,"guayos","NIKE","FQ8333-800-7.5",634950,"https://www.exito.com/guayos-nike-hombre-para-pasto-sintetico---fq8333-800-124128964/p"
118,"guayos","NIKE","Talla :-9-",507960,"https://www.exito.com/nike-zm-superfly-10-acad-km-fg-mg-guayos-naranja-de-hombre-para-futbol-124126234/p?color=naranja_%23FF8000"
119,"guayos","NIKE","Talla :-9-",279960,"https://www.exito.com/nike-vapor-15-club-fg-mg-guayos-amarillo-de-hombre-para-futbol-124123159/p?color=amarillo_%23FFFF00"
120,"guayos","POWER","Talla 44",139900,"https://www.exito.com/guayos-negro-verde-power-star-std-hombre-123803728/p"
121,"guayos","UNDER ARMOUR","Talla :-9.5-",293970,"https://www.exito.com/ua-magnetico-select-3-0-fg-guayos-rojo-de-hombre-para-futbol-123789431/p?color=ROJO_%23FF0000"
122,"guayos","PUMA","Talla :-9.5-",256170,"https://www.exito.com/puma-future-play-mg-guayos-azul-de-hombre-para-futbol-123789416/p?color=azul_%230101DF"
123,"guayos","PUMA","Talla :-10.5-",256170,"https://www.exito.com/puma-future-play-mg-guayos-amarillo-de-hombre-para-futbol-123789413/p?color=amarillo_%23FFFF00"
124,"guayos","PUMA","Talla :-8.5-",256170,"https://www.exito.com/puma-future-play-fg-guayos-azul-de-hombre-para-futbol-123787371/p?color=azul_%230101DF"
125,"guayos","NIKE","Talla :-9-",221970,"https://www.exito.com/nike-phantom-gx-club-fg-mg-guayos-negro-de-hombre-para-futbol-123787350/p?color=negro_%23000000"
126,"guayos","NIKE","Talla :-9.5-",317970,"https://www.exito.com/nike-zoom-vapor-15-acad-mds-fg-mg-guayos-multicolor-de-hombre-para-futbol-123787339/p?color=ROJO_%23FF0000"
127,"guayos","PUMA","Talla :-12-",227970,"https://www.exito.com/puma-ultra-play-fg-ag-guayos-azul-de-hombre-para-futbol-123786791/p?color=azul_%230101DF"
128,"guayos","PUMA","Talla :-9.5-",227970,"https://www.exito.com/puma-ultra-play-fg-ag-guayos-azul-de-hombre-para-futbol-123786790/p?color=azul_%230101DF"
129,"guayos","CROYDON","Guayos Sintética Ziblo Para Hombre Croydon Croydon 38 Negro",149900,"https://www.exito.com/guayos-sintetica-ziblo-para-hombre-croydon-croydon-104298694-mp/p?color=Negro"
130,"guayos","CROYDON","Guayos Sintética Ziblo Para Hombre Croydon Croydon 40 Azul-Oscuro",149900,"https://www.exito.com/guayos-sintetica-ziblo-para-hombre-croydon-croydon-104298676-mp/p?color=Azul-Oscuro"
131,"guayos","CROYDON","Guayos Grama Krim Para Hombre Croydon Croydon 38 Azul-Oscuro",149900,"https://www.exito.com/guayos-grama-krim-para-hombre-croydon-croydon-104298245-mp/p?color=Azul-Oscuro"
132,"guayos","CROYDON","Guayos Grama Krim Para Hombre Croydon Croydon 38 Azul-Claro",149900,"https://www.exito.com/guayos-grama-krim-para-hombre-croydon-croydon-104298213-mp/p?color=Azul-Claro"
133,"guayos","CROYDON","Guayos Futsal Futsal Zabo Para Hombre Croydon Croydon 40 Negro",144900,"https://www.exito.com/guayos-futsal-futsal-zabo-para-hombre-croydon-croydon-104298132-mp/p?color=Negro"
134,"guayos","CROYDON","Guayos Futsal Futsal Zabo Para Hombre Croydon Croydon 41 Azul-Oscuro",144900,"https://www.exito.com/guayos-futsal-futsal-zabo-para-hombre-croydon-croydon-104298121-mp/p?color=Azul-Oscuro"
135,"guayos","GOLTY","Guayos Golty Pro Spectrum Tpu Verde 8.5 Verde",134990,"https://www.exito.com/guayos-golty-pro-spectrum-tpu-verde-104296524-mp/p?color=Verde"
136,"guayos","RUNIC","Guayos Runic Faster Tpu Para Hombre Verde/Negro 9 Verde",179990,"https://www.exito.com/guayos-runic-faster-tpu-para-hombre-verdenegro-104296467-mp/p?color=Verde"
137,"guayos","NIKE","Zapatillas Nike Vapor 16 Club Tf Azul 9 Azul",379990,"https://www.exito.com/zapatillas-nike-vapor-16-club-tf-azul-104296203-mp/p?color=Azul"
138,"guayos","GOLTY","Zapatilla Golty Pro Spectrum Lisa Azul 7 Azul",149990,"https://www.exito.com/zapatilla-golty-pro-spectrum-lisa-azul-104291801-mp/p?color=Azul"
139,"guayos","RUNIC","Guayos Runic Stripe Tpu Adulto Gris/Verde 8 Gris",179990,"https://www.exito.com/guayos-runic-stripe-tpu-adulto-grisverde-104291794-mp/p?color=Gris"
140,"guayos","RUNIC","Guayos Runic Dimond Turf Adulto Negro/Rosa 10 Negro",79990,"https://www.exito.com/guayos-runic-dimond-turf-adulto-negrorosa-104291694-mp/p?color=Negro"
141,"guayos","RUNIC","Guayos Runic Terrox Tpu Para Hombre Negro/Verde 9 Negro",79990,"https://www.exito.com/guayos-runic-terrox-tpu-para-hombre-negroverde-104289480-mp/p?color=Negro"
142,"guayos","RUNIC","Guayos Runic Mist Turf Para Hombre Negro/Verde 10.5 Negro",179990,"https://www.exito.com/guayos-runic-mist-turf-para-hombre-negroverde-104289382-mp/p?color=Negro"
143,"guayos","RUNIC","Guayos Runic Lava Turf Adulto Gris/Verde 10.5 Gris",79990,"https://www.exito.com/guayos-runic-lava-turf-adulto-grisverde-104289316-mp/p?color=Gris"
144,"guayos","RUNIC","Guayos Runic Lava Turf Adulto Negro/Amarillo 10 Negro",79990,"https://www.exito.com/guayos-runic-lava-turf-adulto-negroamarillo-104289304-mp/p?color=Negro"
145,"guayos","RUNIC","Guayos Runic Dalet Tpu Para Hombre Azul/Dorado 8 Azul",79990,"https://www.exito.com/guayos-runic-dalet-tpu-para-hombre-azuldorado-104289158-mp/p?color=Azul"
146,"guayos","NIKE","Zapatillas Nike Lisa Vapor 15 Club Ic Blanco 8.5 Blanco",389990,"https://www.exito.com/zapatillas-nike-lisa-vapor-15-club-ic-blanco-104284918-mp/p?color=Blanco"
147,"guayos","NIKE","Guayos Nike Vapor 15 Club Fg/Mg Amarillo Suave 8.5 Amarillo",364990,"https://www.exito.com/guayos-nike-vapor-15-club-fgmg-amarillo-suave-104284907-mp/p?color=Amarillo"
148,"guayos","NIKE","Guayos Nike Vapor 15 Club Fg/Mg Blanco/Rojo 9.5 Blanco",294990,"https://www.exito.com/guayos-nike-vapor-15-club-fgmg-blancorojo-104284896-mp/p?color=Blanco"
149,"guayos","NIKE","Guayos Nike Zoom Vapor 15 Academy Beige 10.5 Beige",534990,"https://www.exito.com/guayos-nike-zoom-vapor-15-academy-beige-104284885-mp/p?color=Beige"
150,"guayos","NIKE","Guayos Nike Mercurial Vapor 15 Academy Blanco 9 Blanco",504990,"https://www.exito.com/guayos-nike-mercurial-vapor-15-academy-blanco-104284877-mp/p?color=Blanco"
151,"guayos","GOLTY","Zapatillas Golty Lisa Pro Dimension Azul 10.5 Azul",159990,"https://www.exito.com/zapatillas-golty-lisa-pro-dimension-azul-104284868-mp/p?color=Azul"
152,"guayos","RUNIC","Guayos Runic Denim Turf Adulto Negro 10 Negro",179990,"https://www.exito.com/guayos-runic-denim-turf-adulto-negro-104284781-mp/p?color=Negro"
153,"guayos","RUNIC","Guayos Runic Denim Turf Adulto Gris Claro 10.5 Gris",179990,"https://www.exito.com/guayos-runic-denim-turf-adulto-gris-claro-104284768-mp/p?color=Gris"
154,"guayos","NIKE","Zapatillas Nike Turf Phantom Gx Club Negro 8.5 Negro",299990,"https://www.exito.com/zapatillas-nike-turf-phantom-gx-club-negro-104284741-mp/p?color=Negro"
155,"guayos","RUNIC","Guayos Runic Dalet Turf Para Hombre Negro/Verde 10.5 Negro",79990,"https://www.exito.com/guayos-runic-dalet-turf-para-hombre-negroverde-104284671-mp/p?color=Negro"
156,"guayos","NIKE","Guayos Nike Legend 9 Academy Verde Claro 11 Verde",404990,"https://www.exito.com/guayos-nike-legend-9-academy-verde-claro-104284645-mp/p?color=Verde"
157,"guayos","GOLTY","Guayos Golty Profesional Crackc Suela Caucho Negro 8.5 Negro",99990,"https://www.exito.com/guayos-golty-profesional-crackc-suela-caucho-negro-104284568-mp/p?color=Negro"
158,"guayos","GOLTY","Guayos Golty Profesional Crackc Suela Caucho Azul 8 Azul",149990,"https://www.exito.com/guayos-golty-profesional-crackc-suela-caucho-azul-104284561-mp/p?color=Azul"
159,"guayos","GOLTY","Guayo Golty Tpu Pro Bio Flex Negro 10.5 Negro",159990,"https://www.exito.com/guayo-golty-tpu-pro-bio-flex-negro-104284473-mp/p?color=Negro"
160,"guayos","GOLTY","Zapatilla Golty Turf Pro Fx Gris/Blanco 10 Gris",139990,"https://www.exito.com/zapatilla-golty-turf-pro-fx-grisblanco-104282768-mp/p?color=Gris"
161,"guayos","GOLTY","Guayo Golty Caucho Pro New Future Negro/Amarillo 8.5 Negro",169990,"https://www.exito.com/guayo-golty-caucho-pro-new-future-negroamarillo-104282677-mp/p?color=Negro"
162,"guayos","GOLTY","Guayo Golty Caucho Pro New Future Rojo/Azul 10 Rojo",169990,"https://www.exito.com/guayo-golty-caucho-pro-new-future-rojoazul-104282668-mp/p?color=Rojo"
163,"guayos","GOLTY","Guayo Golty Caucho Pro New Future Azul/Naranja 10 Azul",169990,"https://www.exito.com/guayo-golty-caucho-pro-new-future-azulnaranja-104282659-mp/p?color=Azul"
164,"guayos","NIKE","Guayos Nike Vapor 16 Club Fg/Mg Azul 10.5 Azul",379990,"https://www.exito.com/guayos-nike-vapor-16-club-fgmg-azul-104282648-mp/p?color=Azul"
165,"tenis","NIKE","Tenis Para Hombre 10GRIS",265993,"https://www.exito.com/tenis-nike-hombre-deportivos-ck2944-3175288/p?color=Gris"
166,"tenis","NIKE","Tenis Para Hombre 7AZUL OSCU",265993,"https://www.exito.com/tenis-nike-hombre-deportivos-ck2944-3175288/p?color=AZUL%20OSCU"
167,"tenis","NIKE","Tenis Para Hombre 10.5BLANCO",265993,"https://www.exito.com/tenis-nike-hombre-deportivos-ck2944-3175288/p?color=Blanco"
168,"tenis","NIKE","Tenis Hombre 10GRIS",244993,"https://www.exito.com/tenis-hombre-nike-dv2436-3154978/p?color=Gris"
169,"tenis","NIKE","Tenis Hombre 13NEGRO",244993,"https://www.exito.com/tenis-hombre-nike-dv2436-3154978/p?color=Negro"
170,"tenis","SKECHERS","Tenis Hombre Go Run Elevate 8NEGRO",244930,"https://www.exito.com/tenis-hombre-skechers-hombre-deportivos-220850bkcc-3202166/p?color=Negro"
171,"tenis","SKECHERS","Tenis De Hombre Go Walk Flex 9NEGRO",209930,"https://www.exito.com/tenis-de-hombre-skechers-hombre-deportivos-216494bbk-3207588/p?color=Negro"
172,"tenis","NIKE","Tenis Hombre 7NEGROBCO",244993,"https://www.exito.com/tenis-hombre-nike-dh3162-3154976/p?color=NEGRO-BCO"
173,"tenis","SKECHERS","Tenis Hombre Edgeri 8AZUL",209930,"https://www.exito.com/tenis-hombre-skechers-hombre-deportivos-232837nvlm-3202172/p?color=Azul"
174,"tenis","REEBOK MARCA EXCLUSIVA","Tenis Hombre Club C 85 9BLANCO",251930,"https://www.exito.com/tenis-reebok-marca-exclusiva-hombre-deportivos-100000155-3181877/p?color=Blanco"
175,"tenis","NIKE","Tenis Hombre 11NEGROBCO",244993,"https://www.exito.com/tenis-hombre-nike-dh3160-3154975/p?color=NEGRO-BCO"
176,"tenis","SKECHERS","Tenis Hombre DLux Walker 9NEGRO",251930,"https://www.exito.com/tenis-hombre-dlux-walker-skechers-232044bkw-3155596/p?color=Negro"
177,"tenis","SKECHERS","Tenis De Hombre Go Run Now 8AZUL",258930,"https://www.exito.com/tenis-de-hombre-skechers-hombre-deportivos-220380slt-3207589/p?color=Azul"
178,"tenis","GENERICO MARCA EXCLUSIVA","Tennis Air Force One Blancos 40 blanco",199999,"https://www.exito.com/tennis-air-force-one-blancos-102760148-mp/p?color=blanco"
179,"tenis","SKECHERS","Tenis De Hombre Go Walk Flex 8AZUL",209930,"https://www.exito.com/tenis-de-hombre-skechers-hombre-deportivos-216494nvy-3207592/p?color=Azul"
180,"tenis","REEBOK MARCA EXCLUSIVA","Tenis Deportivos Exofit Lo 8.5BLANCO",265930,"https://www.exito.com/tenis-reebok-marca-exclusiva-hombre-moda-exofit-lo-3202027/p?color=Blanco"
181,"tenis","REEBOK MARCA EXCLUSIVA","Tenis Hombre Court Advance 9BLANCO",209930,"https://www.exito.com/tenis-hombre-reebok-marca-exclusiva-hombre-deportivos-100202640-3189579/p?color=Blanco"
182,"tenis","REEBOK MARCA EXCLUSIVA","Tenis Deportivos Court Advance 7.5BLANCO",209930,"https://www.exito.com/tenis-reebok-marca-exclusiva-hombre-moda-court-advance-3202035/p?color=Blanco"
183,"tenis","REEBOK MARCA EXCLUSIVA","Tenis Hombre Reebok Smash Edge S 6.5NEGRO",188930,"https://www.exito.com/tenis-reebok-marca-exclusiva-hombre-deportivos-100008254-3181879/p?color=Negro"
184,"tenis","SKECHERS","Tenis De Hombre Glide Step 8GRIS",279930,"https://www.exito.com/tenis-de-hombre-skechers-hombre-deportivos-232930gycc-3207590/p?color=Gris"
185,"tenis","REEBOK MARCA EXCLUSIVA","Tenis Hombre Training Flexagon Ener 9.5AZUL",174930,"https://www.exito.com/tenis-reebok-hombre-deportivos-3164035/p?color=Azul"
186,"tenis","NIKE","Talla :-10-",419965,"https://www.exito.com/nike-lebron-witness-viii-tenis-azul-de-hombre-para-baloncesto-124126263/p?color=azul_%230101DF"
187,"tenis","UNDER ARMOUR","Talla :-10-",239970,"https://www.exito.com/ua-lockdown-6-tenis-rojo-de-hombre-para-baloncesto-123780494/p?color=ROJO_%23FF0000"
188,"tenis","EVERLAST","Tenis Deportivo Hombre 39AZUL/NGRO",209993,"https://www.exito.com/tenis-deportivo-hombre-everlast-tunelc5-3096462/p?color=AZUL%2FNGRO"
189,"tenis","CROYDON","Tenis Running Lemis Para Hombre 39 Blanco",68400,"https://www.exito.com/tenis-running-lemis-para-hombre-103340706-mp/p?color=Blanco"
190,"tenis","CROYDON","Tenis Indus Gris Para Hombre Croydon 38 Gris",54900,"https://www.exito.com/tenis-indus-gris-para-hombre-croydon-102935356-mp/p?color=Gris"
191,"tenis","ADIDAS","ID2703-10.5",332950,"https://www.exito.com/tenis-adidas-hombre-duramo-rc-id2703-124130513/p"
192,"tenis","CROYDON","Tenis Running Plip Para Niño Croydon 36 Blanco",119900,"https://www.exito.com/tenis-running-plip-para-nino-croydon-103729764-mp/p?color=Blanco"
193,"tenis","NEW BALANCE","Tenis New Balance 410 Verde 10.5 Verde",399990,"https://www.exito.com/tenis-new-balance-410-verde-104258225-mp/p?color=Verde"
194,"tenis","REEBOK MARCA EXCLUSIVA","Talla :-7.5-",323955,"https://www.exito.com/reebok-energen-tech-plus-tenis-negro-de-hombre-para-correr-123800740/p?color=negro_%23000000"
195,"tenis","ASICS","Talla :-10-",239960,"https://www.exito.com/asics-upcourt-6-tenis-azul-de-hombre-para-indoor-124131870/p?color=azul_%230101DF"
196,"tenis","PUMA","Talla :-9-",215970,"https://www.exito.com/puma-future-7-play-fg-ag-guayos-negro-de-hombre-para-futbol-124121325/p?color=negro_%23000000"
197,"tenis","NIKE","DD0204-005-9.5",456900,"https://www.exito.com/tenis-nike-quest-5-negro-hombre---dd0204-005-124130394/p"
198,"tenis","CROYDON","Tenis Running Kriv Para Hombre Croydon Croydon 43 Azul-Oscuro",109900,"https://www.exito.com/tenis-running-kriv-para-hombre-croydon-croydon-104298238-mp/p?color=Azul-Oscuro"
199,"tenis","CROYDON","Tenis Running Plip Para Niño Croydon 35 Azul",119900,"https://www.exito.com/tenis-running-plip-para-nino-croydon-103729787-mp/p?color=Azul"
200,"tenis","ADIDAS","Talla :-8.5-",349965,"https://www.exito.com/adidas-duramo-speed-m-tenis-blanco-de-hombre-para-correr-124131842/p?color=blanco_%23ffffff"
201,"tenis","AVIA","Tenis Avia John Para Hombre Gris Oscuro 9 Gris",129990,"https://www.exito.com/tenis-avia-john-para-hombre-gris-oscuro-104296427-mp/p?color=Gris"
202,"tenis","UNDER ARMOUR","Talla :-8.5-",299970,"https://www.exito.com/ua-charged-decoy-tenis-gris-de-hombre-para-correr-124120569/p?color=gris_%23A4A4A4"
203,"tenis","CROYDON","Tenis Running Ludor Para Hombre 38 Blanco-Azul-Oscuro",129900,"https://www.exito.com/tenis-running-ludor-para-hombre-103340741-mp/p?color=Blanco-Azul-Oscuro"
204,"tenis","NIKE","FD6725-300-9.5",479950,"https://www.exito.com/guayos-nike-hombre-phantom-luna-2-academy-fd6725-300-124134834/p"
205,"tenis","ADIDAS","IE8135-11",359950,"https://www.exito.com/tenis-adidas-hombre-galaxy-6-ie8135-124131114/p"
206,"tenis","BROOKS","Blue/Navy/Firecracker 8.0",299400,"https://www.exito.com/tenis-brooks-divide-4-hombre-123795870/p?color=Azul"
207,"tenis","BROOKS","Navy/Firecracker/Sharp Green 9",299400,"https://www.exito.com/tenis-brooks-divide-4-hombre-123795870/p?color=Azul%2FNaranja"
208,"tenis","BROOKS","Gunmetal/Surf the Web/Sulphur 10.0",299400,"https://www.exito.com/tenis-brooks-divide-4-hombre-123795870/p?color=Gris%2Fazul"
209,"tenis","ADIDAS","Talla :-8.5-",199950,"https://www.exito.com/adidas-response-runner-u-tenis-blanco-unisex-para-correr-124133921/p?color=blanco_%23ffffff"
210,"tenis","FILA","Tenis Fila Lecianmer Running Verde/Naranja 9 Verde",179990,"https://www.exito.com/tenis-fila-lecianmer-running-verdenaranja-104252238-mp/p?color=Verde"
211,"tenis","NIKE","Talla :-10-",419965,"https://www.exito.com/nike-lebron-witness-viii-tenis-azul-de-hombre-para-baloncesto-124132074/p?color=azul_%230101DF"
212,"tenis","NIKE","DJ1196-002-9",369950,"https://www.exito.com/tenis-nike-defyallday-hombre---dj1196-002-124131045/p"
213,"tenis","ADIDAS","Talla :-9.5-",479960,"https://www.exito.com/adidas-adizero-sl2-m-tenis-verde-de-hombre-para-correr-124131883/p?color=Verde_%2301DF01"
214,"tenis","CROYDON","Tenis Running Esnul Para Hombre Croydon 38 Gris",139900,"https://www.exito.com/tenis-running-esnul-para-hombre-croydon-103729826-mp/p?color=Gris"
215,"tenis","ARKITECT","Tenis Cortes Malla 39CAFE",90993,"https://www.exito.com/tenis-arkitect-hombre-moda-ln24076-3175784/p?color=Cafe"
216,"tenis","CUSTER","Tenis Casual Con Costuras En Contraste 41NEGRO",139990,"https://www.exito.com/tenis-custer-hombre-moda-sm25016-3208481/p?color=Negro"
217,"tenis","NORTH STAR","Talla 42",169900,"https://www.exito.com/tenis-casuales-negro-north-star-gizon-new-petronas-hombre-124119861/p"
218,"tenis","SKECHERS","Tenis De Hombre Octus 10NEGRO",279930,"https://www.exito.com/tenis-de-hombre-skechers-hombre-deportivos-232735nvlm-3210209/p?color=Negro"
219,"tenis","SKECHERS","Tenis De Hombre Go Run Now 9AZUL",209930,"https://www.exito.com/tenis-de-hombre-skechers-hombre-deportivos-220383nvy-3210206/p?color=Azul"
220,"tenis","PEOPLE","Tenis Plano Con Pieza En Contraste 43BLANCO",139990,"https://www.exito.com/tenis-people-hombre-moda-sm25019-3208482/p?color=Blanco"
221,"tenis","PEOPLE","Tenis Tipo Samba 40CAFECLARO",129990,"https://www.exito.com/tenis-people-hombre-moda-ln25033-3208480/p?color=CAFECLARO"
222,"tenis","ARKITECT","Tenis&nbsp; C/Cortes Contraste 41BLANCO",139990,"https://www.exito.com/tenis-arkitect-hombre-moda-ln25026-3208479/p?color=Blanco"
223,"tenis","ARKITECT","Tenis Casual 38VDEMILITA",139990,"https://www.exito.com/tenis-arkitect-hombre-moda-ln25025-3208478/p?color=VDEMILITA"
224,"tenis","ARKITECT","Tenis Casual 41MIEL",139990,"https://www.exito.com/tenis-arkitect-hombre-moda-ln25024-3208477/p?color=Miel"
225,"tenis","ARKITECT","Tenis Casual C/ Material Texturizado 43CAFE",139990,"https://www.exito.com/tenis-arkitect-hombre-moda-ln25023-3208476/p?color=Cafe"
226,"tenis","PEOPLE","Tenis Deportivo 40NAVY",139990,"https://www.exito.com/tenis-people-hombre-moda-ln25020-3208475/p?color=NAVY"
227,"tenis","ARKITECT","Tenis Plano 38NAVY",139990,"https://www.exito.com/tenis-arkitect-hombre-moda-sm25022-3208474/p?color=NAVY"
228,"tenis","PEOPLE","Tenis Plano Con Pieza En Contraste&nbsp; 38BLANCO",139990,"https://www.exito.com/tenis-people-hombre-moda-sm25021-3208473/p?color=Blanco"
229,"tenis","CUSTER","Tenis Plano Con Piezas En Contraste 39AZUL",139990,"https://www.exito.com/tenis-custer-hombre-moda-ln25018-3208472/p?color=Azul"
230,"tenis","SKECHERS","Tenis Hombre Go Run Elevate 8AZUL",244930,"https://www.exito.com/tenis-hombre-skechers-hombre-deportivos-220850nvy-3202167/p?color=Azul"
231,"tenis","BRONZINI ACTIVE","Tenis Para Hombre 41NEGRO",129990,"https://www.exito.com/tenis-bronzini-active-hombre-deportivos-aw230054m-3184820/p?color=Negro"
232,"tenis","BRONZINI ACTIVE","Tenis Para Hombre 38BLANCO",129990,"https://www.exito.com/tenis-bronzini-active-hombre-deportivos-aa2128m-3184818/p?color=Blanco"
233,"tenis","PEOPLE","Tenis Piezas Y Suela Contraste 38BLANCO",119990,"https://www.exito.com/tenis-people-hombre-moda-ln24037-3175782/p?color=Blanco"
234,"tenis","CUSTER","Zapato Casual Hombre 40NEGRO",139990,"https://www.exito.com/zapato-custer-hombre-moda-lg24030-3175781/p?color=Negro"
235,"tenis","PEOPLE","Tenis Deportivo Negro 40NEGRO",129990,"https://www.exito.com/tenis-people-3162807/p?color=Negro"
236,"tenis","ARKITECT","Tenis Plano Blanco 40BLANCO",83993,"https://www.exito.com/tenis-arkitect-3162806/p?color=Blanco"
237,"tenis","CUSTER","Tenis Formal Con Suela Moda 41MIEL",119990,"https://www.exito.com/tenis-custer-3162801/p?color=Miel"
238,"tenis","CUSTER","Tenis Casual Miel Con Navy 39MIEL",119990,"https://www.exito.com/tenis-custer-3162799/p?color=Miel"
239,"tenis","PEOPLE","Tenis Hombre Chunky 39GRIS",139990,"https://www.exito.com/tenis-hombre-chunky-people-ln24025-3157178/p?color=Gris"
240,"tenis","ARKITECT","Tenis Hombre C/Piezas 40CAFE",90993,"https://www.exito.com/tenis-hombre-cpiezas-arkitect-lg24016-3157176/p?color=Cafe"
241,"tenis","ARKITECT","Tenis Casual Hombre 40CAFE",90993,"https://www.exito.com/tenis-casual-hombre-arkitect-lg24006-3157175/p?color=Cafe"
242,"tenis","SWISSBRAND","Tenis Deportivo Dank Hombre 42VERDE",319990,"https://www.exito.com/tenis-deportivo-dank-hombre-swissbrand-871517305-3138292/p?color=Verde"
243,"tenis","BRONZINI ACTIVE","Tenis Para Hombre 39GRISCLARO",129990,"https://www.exito.com/tenis-para-hombre-bronzini-active-ad0636m-3136807/p?color=GRISCLARO"
244,"tenis","EVERLAST","Tenis Deportivo Hombre 40GRIS/NEGR",209993,"https://www.exito.com/tenis-deportivo-hombre-everlast-tunelc3-3096455/p?color=GRIS%2FNEGR"
245,"tenis","AEROFLEX","Tenis Casual 38 GRIS",119900,"https://www.exito.com/tenis-casual-aeroflex-gx3392-3082466/p?color=Gris"
246,"tenis","AEROFLEX","Tenis Hombre 41 NEGROROJO",107030,"https://www.exito.com/tenis-hombre-aeroflex-ma8818-3051224/p?color=NEGROROJO"
247,"tenis","AEROFLEX","Zapato Jogger Deportivo Hombre 41 NEGRO",244900,"https://www.exito.com/zapato-jogger-aeroflex-mc8717-3023093/p?color=Negro"
248,"tenis","NIKE","DA1189-001-8.5",343900,"https://www.exito.com/futsal-nike-legend-9-club-ic-negrohombre---da1189-001-124136619/p"
249,"tenis","ADIDAS","IE6133-10",297950,"https://www.exito.com/tenis-adidas-hombre-lite-racer-4-0-ie6133-124136598/p"
250,"tenis","ADIDAS","JH7106-8",386950,"https://www.exito.com/tenis-adidas-hombre-barreda-jh7106-124136595/p"
252,"tenis","ADIDAS","GY5975-10",269950,"https://www.exito.com/tenis-adidas-hombre-lite-racer-cln-2-0-azul-gy5975-124136528/p"
253,"tenis","NIKE","DJ5968-600-9.5",363900,"https://www.exito.com/torretin-nike-hombre-mercurial-vapor-15-club-tf-gris-naranja-dj5968-600-124136524/p"
